hp_number,dealer_type,is_vat_registered,tax_status,company_type,company_status
510000011,עוסק פטור,f,active,ישראלית חברה פרטית,פעילה
510000029,"חברה בע""מ",t,cancelled,ישראלית חברה פרטית,מחוקה
510000037,"חברה בע""מ",t,cancelled,ישראלית חברה פרטית,מחוקה
510000045,עוסק פטור,f,cancelled,ישראלית חברה פרטית,מחוקה
510000052,עוסק פטור,f,cancelled,ישראלית חברה פרטית,מחוקה
510000060,"חברה בע""מ",t,cancelled,ישראלית חברה פרטית,מחוקה
510000078,"חברה בע""מ",t,cancelled,ישראלית חברה פרטית,מחוקה
510000086,עוסק פטור,f,cancelled,ישראלית חברה פרטית,מחוקה
510000094,"חברה בע""מ",t,cancelled,ישראלית חברה פרטית,מחוקה
510000102,עוסק פטור,f,cancelled,ישראלית חברה פרטית,מחוקה
510000110,עוסק פטור,f,cancelled,ישראלית חברה פרטית,מחוקה
510000128,עוסק פטור,f,cancelled,ישראלית חברה פרטית,מחוקה
510000136,עוסק פטור,f,cancelled,ישראלית חברה פרטית,מחוקה
510000144,עוסק פטור,f,cancelled,ישראלית חברה פרטית,מחוקה
510000151,עוסק פטור,f,cancelled,ישראלית חברה פרטית,מחוקה
510000169,עוסק פטור,f,cancelled,ישראלית חברה פרטית,מחוקה
510000177,"חברה בע""מ",t,cancelled,ישראלית חברה פרטית,מחוקה
510000185,עוסק פטור,f,cancelled,ישראלית חברה פרטית,מחוקה
510000193,עוסק פטור,f,cancelled,ישראלית חברה פרטית,מחוקה
510000201,עוסק פטור,f,cancelled,ישראלית חברה פרטית,מחוקה
510000219,עוסק פטור,f,cancelled,ישראלית חברה פרטית,מחוקה
510000227,עוסק פטור,f,cancelled,ישראלית חברה פרטית,מחוקה
510000235,עוסק פטור,f,cancelled,ישראלית חברה פרטית,מחוקה
510000243,עוסק פטור,f,cancelled,ישראלית חברה פרטית,מחוקה
510000250,עוסק פטור,f,cancelled,ישראלית חברה פרטית,מחוקה
510000268,עוסק פטור,f,cancelled,ישראלית חברה פרטית,מחוסלת מרצון
510000276,"חברה בע""מ",t,cancelled,ישראלית חברה פרטית,מחוקה
510000284,"חברה בע""מ",t,cancelled,ישראלית חברה פרטית,מחוקה
510000292,עוסק פטור,f,cancelled,ישראלית חברה פרטית,מחוקה
510000300,עוסק פטור,f,cancelled,ישראלית חברה פרטית,מחוקה
510000318,"חברה בע""מ",t,cancelled,ישראלית חברה פרטית,מחוקה
510000326,עוסק פטור,f,cancelled,ישראלית חברה פרטית,מחוקה
510000334,עוסק פטור,f,active,ישראלית חברה פרטית,פעילה
510000342,עוסק פטור,f,cancelled,ישראלית חברה פרטית,מחוקה
510000359,עוסק פטור,f,active,ישראלית חברה פרטית,פעילה
510000367,עוסק פטור,f,active,ישראלית חברה פרטית,פעילה
510000375,עוסק פטור,f,cancelled,ישראלית חברה פרטית,מחוקה
510000383,עוסק פטור,f,cancelled,ישראלית חברה פרטית,מחוקה
510000417,עוסק פטור,f,cancelled,ישראלית חברה פרטית,מחוקה
510000425,"חברה בע""מ",t,cancelled,ישראלית חברה פרטית,מחוקה
510000433,עוסק פטור,f,cancelled,ישראלית חברה פרטית,מחוקה
510000441,עוסק פטור,f,cancelled,ישראלית חברה פרטית,מחוקה
510000466,"חברה בע""מ",t,cancelled,ישראלית חברה פרטית,מחוקה
510000474,"חברה בע""מ",t,cancelled,ישראלית חברה פרטית,מחוקה
510000482,עוסק פטור,f,cancelled,ישראלית חברה פרטית,מחוקה
510000490,עוסק פטור,f,cancelled,ישראלית חברה פרטית,מחוקה
510000508,עוסק פטור,f,cancelled,ישראלית חברה פרטית,מחוקה
510000516,עוסק פטור,f,cancelled,ישראלית חברה פרטית,מחוקה
510000524,"חברה בע""מ",t,cancelled,ישראלית חברה פרטית,מחוקה
510000532,עוסק פטור,f,cancelled,ישראלית חברה פרטית,מחוקה
510000540,עוסק פטור,f,cancelled,ישראלית חברה פרטית,מחוקה
510000557,עוסק פטור,f,active,ישראלית חברה פרטית,פעילה
510000565,עוסק פטור,f,cancelled,ישראלית חברה פרטית,מחוקה
510000573,עוסק פטור,f,cancelled,ישראלית חברה פרטית,מחוקה
510000581,עוסק פטור,f,cancelled,ישראלית חברה פרטית,מחוקה
510000599,עוסק פטור,f,cancelled,ישראלית חברה פרטית,מחוקה
510000607,עוסק פטור,f,active,ישראלית חברה פרטית,פעילה
510000615,עוסק פטור,f,cancelled,ישראלית חברה פרטית,מחוקה
510000623,"חברה בע""מ",t,cancelled,ישראלית חברה פרטית,מחוקה
510000631,עוסק פטור,f,cancelled,ישראלית חברה פרטית,מחוקה
510000649,"חברה בע""מ",t,cancelled,ישראלית חברה פרטית,מחוקה
510000656,עוסק פטור,f,cancelled,ישראלית חברה פרטית,מחוקה
510000664,"חברה בע""מ",t,cancelled,ישראלית חברה פרטית,מחוקה
510000672,עוסק פטור,f,cancelled,ישראלית חברה פרטית,מחוקה
510000698,עוסק פטור,f,cancelled,ישראלית חברה פרטית,מחוקה
510000706,עוסק פטור,f,cancelled,ישראלית חברה פרטית,מחוסלת מרצון
510000714,עוסק פטור,f,cancelled,ישראלית חברה פרטית,מחוקה
510000722,עוסק פטור,f,cancelled,ישראלית חברה פרטית,מחוקה
510000730,"חברה בע""מ",t,cancelled,ישראלית חברה פרטית,מחוקה
510000755,עוסק פטור,f,active,ישראלית חברה פרטית,פעילה
510000763,עוסק פטור,f,cancelled,ישראלית חברה פרטית,מחוקה
510000771,עוסק פטור,f,cancelled,ישראלית חברה פרטית,מחוסלת מרצון
510000789,"חברה בע""מ",t,cancelled,ישראלית חברה פרטית,מחוקה
510000797,עוסק פטור,f,cancelled,ישראלית חברה פרטית,מחוקה
510000805,עוסק פטור,f,cancelled,ישראלית חברה פרטית,מחוקה
510000813,עוסק פטור,f,active,ישראלית חברה ציבורית,פעילה
510000821,עוסק פטור,f,cancelled,ישראלית חברה פרטית,מחוקה
510000839,עוסק פטור,f,cancelled,ישראלית חברה פרטית,מחוקה
510000854,"חברה בע""מ",t,cancelled,ישראלית חברה פרטית,מחוקה
510000862,עוסק פטור,f,cancelled,ישראלית חברה פרטית,מחוקה
510000870,עוסק פטור,f,cancelled,ישראלית חברה פרטית,מחוקה
510000888,עוסק פטור,f,cancelled,ישראלית חברה פרטית,מחוקה
510000896,עוסק פטור,f,cancelled,ישראלית חברה פרטית,מחוקה
510000904,עוסק פטור,f,cancelled,ישראלית חברה פרטית,מחוקה
510000912,עוסק פטור,f,cancelled,ישראלית חברה פרטית,מחוקה
510000920,"חברה בע""מ",t,cancelled,ישראלית חברה פרטית,מחוקה
510000938,עוסק פטור,f,active,ישראלית חברה פרטית,פעילה
510000946,"חברה בע""מ",t,cancelled,ישראלית חברה פרטית,מחוקה
510000961,"חברה בע""מ",t,cancelled,ישראלית חברה פרטית,מחוקה
510000979,עוסק פטור,f,cancelled,ישראלית חברה פרטית,מחוקה
510000987,עוסק פטור,f,cancelled,ישראלית חברה פרטית,מחוקה
510000995,"חברה בע""מ",t,cancelled,ישראלית חברה פרטית,מחוקה
510001001,עוסק פטור,f,active,ישראלית חברה פרטית,פעילה
510001019,"חברה בע""מ",t,cancelled,ישראלית חברה פרטית,מחוקה
510001027,עוסק פטור,f,cancelled,ישראלית חברה פרטית,מחוקה
510001035,עוסק פטור,f,cancelled,ישראלית חברה פרטית,מחוקה
510001043,"חברה בע""מ",t,cancelled,ישראלית חברה פרטית,מחוקה
510001050,"חברה בע""מ",t,cancelled,ישראלית חברה פרטית,מחוקה
510001068,עוסק פטור,f,cancelled,ישראלית חברה פרטית,מחוקה
510001076,"חברה בע""מ",t,cancelled,ישראלית חברה פרטית,מחוקה
510001084,עוסק פטור,f,cancelled,ישראלית חברה פרטית,מחוקה
510001092,עוסק פטור,f,cancelled,ישראלית חברה פרטית,מחוקה
510001100,עוסק פטור,f,cancelled,ישראלית חברה פרטית,מחוקה
510001118,עוסק פטור,f,cancelled,ישראלית חברה פרטית,מחוקה
510001126,"חברה בע""מ",t,cancelled,ישראלית חברה פרטית,מחוקה
510001134,עוסק פטור,f,cancelled,ישראלית חברה פרטית,מחוקה
510001142,עוסק פטור,f,cancelled,ישראלית חברה פרטית,מחוסלת מרצון
510001159,"חברה בע""מ",t,cancelled,ישראלית חברה פרטית,מחוקה
510001167,"חברה בע""מ",t,cancelled,ישראלית חברה פרטית,מחוקה
510001175,עוסק פטור,f,cancelled,ישראלית חברה פרטית,מחוקה
510001183,עוסק פטור,f,cancelled,ישראלית חברה פרטית,מחוקה
510001191,עוסק פטור,f,cancelled,ישראלית חברה פרטית,מחוקה
510001209,עוסק פטור,f,cancelled,ישראלית חברה פרטית,מחוקה
510001217,עוסק פטור,f,cancelled,ישראלית חברה פרטית,מחוקה
510001225,עוסק פטור,f,active,ישראלית חברה פרטית,פעילה
510001233,עוסק פטור,f,cancelled,ישראלית חברה פרטית,מחוקה
510001241,עוסק פטור,f,cancelled,ישראלית חברה פרטית,מחוקה
510001258,עוסק פטור,f,cancelled,ישראלית חברה פרטית,מחוקה
510001266,עוסק פטור,f,cancelled,ישראלית חברה פרטית,מחוסלת מרצון
510001274,"חברה בע""מ",t,cancelled,ישראלית חברה פרטית,מחוקה
510001282,עוסק פטור,f,cancelled,ישראלית חברה פרטית,מחוקה
510001290,עוסק פטור,f,active,ישראלית חברה פרטית,פעילה
510001316,עוסק פטור,f,cancelled,ישראלית חברה פרטית,מחוקה
510001324,עוסק פטור,f,cancelled,ישראלית חברה פרטית,מחוקה
510001332,"חברה בע""מ",t,cancelled,ישראלית חברה פרטית,מחוסלת מרצון
510001340,עוסק פטור,f,active,ישראלית חברה פרטית,פעילה
510001357,עוסק פטור,f,cancelled,ישראלית חברה פרטית,מחוקה
510001365,עוסק פטור,f,cancelled,ישראלית חברה פרטית,מחוקה
510001373,עוסק פטור,f,cancelled,ישראלית חברה פרטית,מחוקה
510001381,"חברה בע""מ",t,cancelled,ישראלית חברה פרטית,מחוקה
510001399,"חברה בע""מ",t,cancelled,ישראלית חברה פרטית,מחוקה
510001407,עוסק פטור,f,cancelled,ישראלית חברה פרטית,מחוקה
510001415,עוסק פטור,f,cancelled,ישראלית חברה פרטית,מחוקה
510001431,עוסק פטור,f,cancelled,ישראלית חברה פרטית,מחוסלת מרצון
510001449,עוסק פטור,f,cancelled,ישראלית חברה פרטית,מחוסלת מרצון
510001456,עוסק פטור,f,cancelled,ישראלית חברה פרטית,מחוקה
510001464,עוסק פטור,f,cancelled,ישראלית חברה פרטית,חיסול ע~י בימ~ש
510001472,עוסק פטור,f,cancelled,ישראלית חברה פרטית,מחוקה
510001498,עוסק פטור,f,cancelled,ישראלית חברה פרטית,מחוסלת מרצון
510001506,עוסק פטור,f,cancelled,ישראלית חברה פרטית,מחוסלת מרצון
510001514,"חברה בע""מ",t,cancelled,ישראלית חברה פרטית,מחוקה
510001522,עוסק פטור,f,cancelled,ישראלית חברה פרטית,מחוקה
510001530,עוסק פטור,f,cancelled,ישראלית חברה פרטית,מחוקה
510001548,עוסק פטור,f,cancelled,ישראלית חברה פרטית,מחוקה
510001555,עוסק פטור,f,active,ישראלית חברה פרטית,פעילה
510001563,עוסק פטור,f,cancelled,ישראלית חברה פרטית,מחוקה
510001571,עוסק פטור,f,cancelled,ישראלית חברה פרטית,מחוקה
510001589,עוסק פטור,f,cancelled,ישראלית חברה פרטית,מחוקה
510001597,עוסק פטור,f,cancelled,ישראלית חברה פרטית,מחוקה
510001605,עוסק פטור,f,cancelled,ישראלית חברה פרטית,מחוקה
510001613,עוסק פטור,f,cancelled,ישראלית חברה פרטית,מחוקה
510001621,עוסק פטור,f,cancelled,ישראלית חברה פרטית,מחוקה
510001639,עוסק פטור,f,cancelled,ישראלית חברה פרטית,מחוקה
510001647,עוסק פטור,f,cancelled,ישראלית חברה פרטית,מחוקה
510001654,עוסק פטור,f,cancelled,ישראלית חברה פרטית,חיסול ע~י בימ~ש
510001662,"חברה בע""מ",t,cancelled,ישראלית חברה פרטית,מחוקה
510001670,עוסק פטור,f,cancelled,ישראלית חברה פרטית,מחוסלת מרצון
510001688,עוסק פטור,f,cancelled,ישראלית חברה פרטית,מחוקה
510001696,עוסק פטור,f,cancelled,ישראלית חברה פרטית,מחוקה
510001704,עוסק פטור,f,cancelled,ישראלית חברה פרטית,מחוקה
510001712,עוסק פטור,f,cancelled,ישראלית חברה פרטית,מחוקה
510001720,עוסק פטור,f,active,ישראלית חברה פרטית,פעילה
510001738,עוסק פטור,f,cancelled,ישראלית חברה פרטית,מחוקה
510001746,"חברה בע""מ",t,cancelled,ישראלית חברה פרטית,מחוקה
510001753,עוסק פטור,f,cancelled,ישראלית חברה פרטית,מחוקה
510001761,"חברה בע""מ",t,cancelled,ישראלית חברה פרטית,מחוקה
510001779,עוסק פטור,f,cancelled,ישראלית חברה פרטית,מחוקה
510001787,עוסק פטור,f,cancelled,ישראלית חברה פרטית,מחוקה
510001803,עוסק פטור,f,cancelled,ישראלית חברה פרטית,מחוקה
510001811,עוסק פטור,f,cancelled,ישראלית חברה פרטית,מחוקה
510001829,עוסק פטור,f,cancelled,ישראלית חברה פרטית,בפרוק ע~י בימ~ש
510001837,"חברה בע""מ",t,cancelled,ישראלית חברה פרטית,מחוקה
510001845,עוסק פטור,f,cancelled,ישראלית חברה פרטית,מחוסלת עקב מיזוג
510001852,עוסק פטור,f,cancelled,ישראלית חברה פרטית,מחוקה
510001860,עוסק פטור,f,cancelled,ישראלית חברה פרטית,מחוקה
510001886,עוסק פטור,f,active,ישראלית חברה פרטית,פעילה
510001894,"חברה בע""מ",t,cancelled,ישראלית חברה פרטית,מחוקה
510001902,עוסק פטור,f,cancelled,ישראלית חברה פרטית,מחוקה
510001910,עוסק פטור,f,cancelled,ישראלית חברה פרטית,מחוקה
510001928,עוסק פטור,f,cancelled,ישראלית חברה פרטית,מחוקה
510001936,עוסק פטור,f,cancelled,ישראלית חברה פרטית,מחוקה
510001944,עוסק פטור,f,cancelled,ישראלית חברה פרטית,מחוקה
510001951,עוסק פטור,f,cancelled,ישראלית חברה פרטית,בפרוק מרצון
510001969,עוסק פטור,f,cancelled,ישראלית חברה פרטית,מחוקה
510001977,עוסק פטור,f,cancelled,ישראלית חברה פרטית,מחוקה
510001985,עוסק פטור,f,cancelled,ישראלית חברה פרטית,מחוקה
510001993,עוסק פטור,f,cancelled,ישראלית חברה פרטית,מחוקה
510002009,עוסק פטור,f,cancelled,ישראלית חברה פרטית,מחוקה
510002017,עוסק פטור,f,cancelled,ישראלית חברה פרטית,מחוסלת מרצון
510002025,עוסק פטור,f,cancelled,ישראלית חברה פרטית,מחוקה
510002033,עוסק פטור,f,cancelled,ישראלית חברה פרטית,מחוקה
510002041,עוסק פטור,f,cancelled,ישראלית חברה פרטית,מחוקה
510002058,עוסק פטור,f,cancelled,ישראלית חברה פרטית,מחוקה
510002066,עוסק פטור,f,active,ישראלית חברה פרטית,פעילה
510002082,עוסק פטור,f,cancelled,ישראלית חברה פרטית,בפרוק ע~י בימ~ש
510002090,"חברה בע""מ",t,cancelled,ישראלית חברה פרטית,מחוקה
510002108,עוסק פטור,f,cancelled,ישראלית חברה פרטית,מחוקה
510002116,עוסק פטור,f,cancelled,ישראלית חברה פרטית,מחוקה
510002124,"חברה בע""מ",t,cancelled,ישראלית חברה פרטית,מחוקה
510002132,עוסק פטור,f,cancelled,ישראלית חברה פרטית,מחוקה
510002140,עוסק פטור,f,cancelled,ישראלית חברה פרטית,מחוקה
510002157,עוסק פטור,f,cancelled,ישראלית חברה פרטית,מחוקה
510002165,עוסק פטור,f,cancelled,ישראלית חברה פרטית,מחוקה
510002173,עוסק פטור,f,cancelled,ישראלית חברה פרטית,מחוקה
510002181,עוסק פטור,f,cancelled,ישראלית חברה פרטית,מחוקה
510002199,עוסק פטור,f,cancelled,ישראלית חברה פרטית,מחוקה
510002207,"חברה בע""מ",t,cancelled,ישראלית חברה פרטית,מחוקה
510002215,עוסק פטור,f,cancelled,ישראלית חברה פרטית,מחוקה
510002231,עוסק פטור,f,cancelled,ישראלית חברה פרטית,מחוקה
510002249,עוסק פטור,f,cancelled,ישראלית חברה פרטית,מחוקה
510002256,"חברה בע""מ",t,cancelled,ישראלית חברה פרטית,מחוקה
510002264,עוסק פטור,f,cancelled,ישראלית חברה פרטית,מחוקה
510002272,"חברה בע""מ",t,cancelled,ישראלית חברה פרטית,מחוקה
510002280,עוסק פטור,f,cancelled,ישראלית חברה פרטית,בפרוק מרצון
510002298,עוסק פטור,f,active,ישראלית חברה פרטית,פעילה
510002306,עוסק פטור,f,cancelled,ישראלית חברה פרטית,מחוקה
510002314,עוסק פטור,f,cancelled,ישראלית חברה פרטית,מחוקה
510002322,עוסק פטור,f,cancelled,ישראלית חברה פרטית,מחוסלת מרצון
510002330,עוסק פטור,f,cancelled,ישראלית חברה פרטית,מחוקה
510002348,עוסק פטור,f,cancelled,ישראלית חברה פרטית,מחוקה
510002355,עוסק פטור,f,cancelled,ישראלית חברה פרטית,מחוקה
510002363,עוסק פטור,f,cancelled,ישראלית חברה פרטית,מחוקה
510002371,עוסק פטור,f,cancelled,ישראלית חברה פרטית,מחוקה
510002389,עוסק פטור,f,cancelled,ישראלית חברה פרטית,מחוקה
510002397,עוסק פטור,f,cancelled,ישראלית חברה פרטית,מחוקה
510002405,"חברה בע""מ",t,cancelled,ישראלית חברה פרטית,מחוקה
510002413,"חברה בע""מ",t,cancelled,ישראלית חברה פרטית,מחוקה
510002421,עוסק פטור,f,cancelled,ישראלית חברה פרטית,מחוקה
510002439,עוסק פטור,f,cancelled,ישראלית חברה פרטית,מחוקה
510002447,עוסק פטור,f,cancelled,ישראלית חברה פרטית,מחוקה
510002454,עוסק פטור,f,cancelled,ישראלית חברה פרטית,מחוסלת מרצון
510002462,עוסק פטור,f,cancelled,ישראלית חברה פרטית,מחוקה
510002488,"חברה בע""מ",t,cancelled,ישראלית חברה פרטית,מחוקה
510002496,"חברה בע""מ",t,cancelled,ישראלית חברה פרטית,מחוקה
510002504,"חברה בע""מ",t,cancelled,ישראלית חברה פרטית,מחוקה
510002512,עוסק פטור,f,cancelled,ישראלית חברה פרטית,מחוקה
510002520,עוסק פטור,f,cancelled,ישראלית חברה פרטית,מחוקה
510002546,עוסק פטור,f,active,ישראלית חברה פרטית,פעילה
510002553,עוסק פטור,f,cancelled,ישראלית חברה פרטית,מחוסלת מרצון
510002561,עוסק פטור,f,cancelled,ישראלית חברה פרטית,מחוקה
510002579,עוסק פטור,f,cancelled,ישראלית חברה פרטית,מחוקה
510002587,עוסק פטור,f,cancelled,ישראלית חברה פרטית,בפרוק מרצון
510002595,עוסק פטור,f,cancelled,ישראלית חברה פרטית,מחוקה
510002603,עוסק פטור,f,cancelled,ישראלית חברה פרטית,מחוקה
510002611,עוסק פטור,f,cancelled,ישראלית חברה פרטית,פעילה זמנית
510002629,עוסק פטור,f,cancelled,ישראלית חברה פרטית,מחוקה
510002637,עוסק פטור,f,cancelled,ישראלית חברה פרטית,מחוקה
510002645,עוסק פטור,f,cancelled,ישראלית חברה פרטית,מחוקה
510002652,עוסק פטור,f,cancelled,ישראלית חברה פרטית,מחוקה
510002660,עוסק פטור,f,cancelled,ישראלית חברה פרטית,מחוקה
510002678,עוסק פטור,f,cancelled,ישראלית חברה פרטית,מחוסלת מרצון
510002686,עוסק פטור,f,cancelled,ישראלית חברה פרטית,מחוסלת מרצון
510002694,עוסק פטור,f,cancelled,ישראלית חברה פרטית,מחוקה
510002702,עוסק פטור,f,active,ישראלית חברה פרטית,פעילה
510002710,עוסק פטור,f,cancelled,ישראלית חברה פרטית,מחוקה
510002728,עוסק פטור,f,cancelled,ישראלית חברה פרטית,מחוקה
510002744,עוסק פטור,f,cancelled,ישראלית חברה פרטית,מחוקה
510002751,עוסק פטור,f,cancelled,ישראלית חברה פרטית,מחוקה
510002769,עוסק פטור,f,cancelled,ישראלית חברה פרטית,בפרוק מרצון
510002777,עוסק פטור,f,cancelled,ישראלית חברה פרטית,מחוקה
510002785,עוסק פטור,f,cancelled,ישראלית חברה פרטית,מחוקה
510002793,עוסק פטור,f,cancelled,ישראלית חברה פרטית,מחוקה
510002801,"חברה בע""מ",t,cancelled,ישראלית חברה פרטית,מחוקה
510002819,עוסק פטור,f,cancelled,ישראלית חברה פרטית,מחוקה
510002827,עוסק פטור,f,cancelled,ישראלית חברה פרטית,מחוקה
510002835,עוסק פטור,f,cancelled,ישראלית חברה פרטית,מחוקה
510002843,עוסק פטור,f,cancelled,ישראלית חברה פרטית,מחוקה
510002850,עוסק פטור,f,cancelled,ישראלית חברה פרטית,מחוקה
510002868,עוסק פטור,f,cancelled,ישראלית חברה פרטית,מחוקה
510002876,עוסק פטור,f,cancelled,ישראלית חברה פרטית,מחוקה
510002884,עוסק פטור,f,cancelled,ישראלית חברה פרטית,מחוקה
510002892,עוסק פטור,f,cancelled,ישראלית חברה פרטית,מחוקה
510002900,עוסק פטור,f,cancelled,ישראלית חברה פרטית,מחוקה
510002918,עוסק פטור,f,cancelled,ישראלית חברה פרטית,מחוקה
510002926,עוסק פטור,f,cancelled,ישראלית חברה פרטית,מחוקה
510002934,עוסק פטור,f,cancelled,ישראלית חברה פרטית,מחוקה
510002942,עוסק פטור,f,cancelled,ישראלית חברה פרטית,מחוקה
510002959,עוסק פטור,f,cancelled,ישראלית חברה פרטית,מחוקה
510002967,עוסק פטור,f,cancelled,ישראלית חברה פרטית,מחוקה
510002975,עוסק פטור,f,active,ישראלית חברה פרטית,פעילה
510002983,עוסק פטור,f,cancelled,ישראלית חברה פרטית,מחוסלת עקב מיזוג
510002991,עוסק פטור,f,cancelled,ישראלית חברה פרטית,מחוקה
510003007,עוסק פטור,f,cancelled,ישראלית חברה פרטית,מחוסלת מרצון
510003015,עוסק פטור,f,cancelled,ישראלית חברה פרטית,מחוסלת מרצון
510003023,עוסק פטור,f,cancelled,ישראלית חברה פרטית,מחוקה
510003049,עוסק פטור,f,cancelled,ישראלית חברה פרטית,מחוקה
510003056,עוסק פטור,f,cancelled,ישראלית חברה פרטית,מחוקה
510003064,עוסק פטור,f,cancelled,ישראלית חברה פרטית,מחוקה
510003072,עוסק פטור,f,active,ישראלית חברה פרטית,פעילה
510003080,עוסק פטור,f,cancelled,ישראלית חברה פרטית,בפרוק מרצון
510003098,עוסק פטור,f,cancelled,ישראלית חברה פרטית,מחוסלת מרצון
510003106,עוסק פטור,f,active,ישראלית חברה פרטית,פעילה
510003114,עוסק פטור,f,cancelled,ישראלית חברה פרטית,מחוקה
510003122,"חברה בע""מ",t,cancelled,ישראלית חברה פרטית,מחוקה
510003130,עוסק פטור,f,cancelled,ישראלית חברה פרטית,מחוקה
510003148,עוסק פטור,f,cancelled,ישראלית חברה פרטית,מחוסלת מרצון
510003155,עוסק פטור,f,cancelled,ישראלית חברה פרטית,מחוקה
510003163,עוסק פטור,f,cancelled,ישראלית חברה פרטית,מחוקה
510003171,עוסק פטור,f,cancelled,ישראלית חברה פרטית,מחוקה
510003189,עוסק פטור,f,cancelled,ישראלית חברה פרטית,מחוסלת מרצון
510003197,עוסק פטור,f,active,ישראלית חברה פרטית,פעילה
510003205,עוסק פטור,f,cancelled,ישראלית חברה פרטית,מחוקה
510003213,עוסק פטור,f,active,ישראלית חברה פרטית,פעילה
510003221,עוסק פטור,f,cancelled,ישראלית חברה פרטית,מחוקה
510003239,עוסק פטור,f,cancelled,ישראלית חברה פרטית,מחוקה
510003247,עוסק פטור,f,cancelled,ישראלית חברה פרטית,מחוקה
510003254,עוסק פטור,f,cancelled,ישראלית חברה פרטית,מחוקה
510003262,עוסק פטור,f,cancelled,ישראלית חברה פרטית,מחוקה
510003270,עוסק פטור,f,cancelled,ישראלית חברה פרטית,מחוקה
510003288,"חברה בע""מ",t,cancelled,ישראלית חברה פרטית,מחוקה
510003296,"חברה בע""מ",t,cancelled,ישראלית חברה פרטית,מחוקה
510003312,עוסק פטור,f,cancelled,ישראלית חברה פרטית,מחוקה
510003320,עוסק פטור,f,active,ישראלית חברה פרטית,פעילה
510003338,עוסק פטור,f,cancelled,ישראלית חברה פרטית,מחוקה
510003346,עוסק פטור,f,active,ישראלית חברה פרטית,פעילה
510003353,עוסק פטור,f,cancelled,ישראלית חברה פרטית,מחוקה
510003361,עוסק פטור,f,cancelled,ישראלית חברה פרטית,מחוקה
510003379,עוסק פטור,f,cancelled,ישראלית חברה פרטית,מחוקה
510003387,עוסק פטור,f,cancelled,ישראלית חברה פרטית,מחוקה
510003395,עוסק פטור,f,cancelled,ישראלית חברה פרטית,מחוקה
510003403,עוסק פטור,f,cancelled,ישראלית חברה פרטית,מחוקה
510003411,עוסק פטור,f,cancelled,ישראלית חברה פרטית,מחוקה
510003437,עוסק פטור,f,cancelled,ישראלית חברה פרטית,מחוקה
510003445,עוסק פטור,f,cancelled,ישראלית חברה פרטית,מחוקה
510003452,עוסק פטור,f,cancelled,ישראלית חברה פרטית,מחוקה
510003460,עוסק פטור,f,cancelled,ישראלית חברה פרטית,מחוקה
510003478,עוסק פטור,f,cancelled,ישראלית חברה פרטית,מחוקה
510003486,עוסק פטור,f,cancelled,ישראלית חברה פרטית,מחוקה
510003494,עוסק פטור,f,cancelled,ישראלית חברה פרטית,מחוקה
510003502,עוסק פטור,f,cancelled,ישראלית חברה פרטית,מחוקה
510003510,עוסק פטור,f,cancelled,ישראלית חברה פרטית,מחוקה
510003528,עוסק פטור,f,cancelled,ישראלית חברה פרטית,מחוקה
510003536,עוסק פטור,f,cancelled,ישראלית חברה פרטית,מחוסלת מרצון
510003544,עוסק פטור,f,cancelled,ישראלית חברה פרטית,מחוקה
510003551,עוסק פטור,f,cancelled,ישראלית חברה פרטית,מחוקה
510003569,"חברה בע""מ",t,cancelled,ישראלית חברה פרטית,מחוקה
510003577,עוסק פטור,f,cancelled,ישראלית חברה פרטית,מחוקה
510003585,"חברה בע""מ",t,cancelled,ישראלית חברה פרטית,מחוקה
510003593,עוסק פטור,f,cancelled,ישראלית חברה פרטית,מחוקה
510003601,עוסק פטור,f,cancelled,ישראלית חברה פרטית,מחוסלת מרצון
510003619,"חברה בע""מ",t,cancelled,ישראלית חברה פרטית,מחוקה
510003627,עוסק פטור,f,cancelled,ישראלית חברה פרטית,מחוקה
510003635,עוסק פטור,f,cancelled,ישראלית חברה פרטית,מחוסלת מרצון
510003643,עוסק פטור,f,cancelled,ישראלית חברה פרטית,מחוקה
510003650,עוסק פטור,f,cancelled,ישראלית חברה פרטית,מחוקה
510003668,עוסק פטור,f,cancelled,ישראלית חברה פרטית,מחוקה
510003676,עוסק פטור,f,active,ישראלית חברה פרטית,פעילה
510003684,עוסק פטור,f,cancelled,ישראלית חברה פרטית,מחוקה
510003692,עוסק פטור,f,cancelled,ישראלית חברה פרטית,מחוקה
510003700,"חברה בע""מ",t,cancelled,ישראלית חברה פרטית,מחוקה
510003718,עוסק פטור,f,cancelled,ישראלית חברה פרטית,מחוקה
510003726,עוסק פטור,f,cancelled,ישראלית חברה פרטית,מחוקה
510003734,עוסק פטור,f,cancelled,ישראלית חברה פרטית,מחוקה
510003742,עוסק פטור,f,cancelled,ישראלית חברה פרטית,מחוקה
510003759,עוסק פטור,f,cancelled,ישראלית חברה פרטית,בפרוק ע~י בימ~ש
510003767,עוסק פטור,f,cancelled,ישראלית חברה פרטית,מחוקה
510003775,עוסק פטור,f,cancelled,ישראלית חברה פרטית,מחוקה
510003783,עוסק פטור,f,cancelled,ישראלית חברה פרטית,מחוקה
510003791,עוסק פטור,f,cancelled,ישראלית חברה פרטית,מחוקה
510003809,עוסק פטור,f,cancelled,ישראלית חברה פרטית,מחוקה
510003817,עוסק פטור,f,cancelled,ישראלית חברה פרטית,מחוקה
510003825,עוסק פטור,f,cancelled,ישראלית חברה פרטית,מחוקה
510003833,עוסק פטור,f,cancelled,ישראלית חברה פרטית,מחוקה
510003841,עוסק פטור,f,cancelled,ישראלית חברה פרטית,מחוקה
510003858,עוסק פטור,f,cancelled,ישראלית חברה פרטית,מחוקה
510003866,עוסק פטור,f,cancelled,ישראלית חברה פרטית,מחוקה
510003874,עוסק פטור,f,cancelled,ישראלית חברה פרטית,מחוקה
510003882,"חברה בע""מ",t,cancelled,ישראלית חברה פרטית,מחוקה
510003890,עוסק פטור,f,cancelled,ישראלית חברה פרטית,מחוקה
510003908,"חברה בע""מ",t,cancelled,ישראלית חברה פרטית,מחוקה
510003916,עוסק פטור,f,cancelled,ישראלית חברה פרטית,מחוסלת מרצון
510003924,עוסק פטור,f,cancelled,ישראלית חברה פרטית,מחוקה
510003932,עוסק פטור,f,cancelled,ישראלית חברה פרטית,מחוקה
510003940,עוסק פטור,f,cancelled,ישראלית חברה פרטית,מחוקה
510003957,עוסק פטור,f,cancelled,ישראלית חברה פרטית,מחוקה
510003965,עוסק פטור,f,cancelled,ישראלית חברה פרטית,מחוקה
510003973,עוסק פטור,f,cancelled,ישראלית חברה פרטית,מחוקה
510003981,עוסק פטור,f,cancelled,ישראלית חברה פרטית,מחוקה
510004005,עוסק פטור,f,cancelled,ישראלית חברה פרטית,מחוקה
510004013,עוסק פטור,f,cancelled,ישראלית חברה פרטית,מחוקה
510004021,עוסק פטור,f,cancelled,ישראלית חברה פרטית,מחוקה
510004039,עוסק פטור,f,active,ישראלית חברה פרטית,פעילה
510004047,עוסק פטור,f,cancelled,ישראלית חברה פרטית,מחוקה
510004054,עוסק פטור,f,cancelled,ישראלית חברה פרטית,מחוסלת מרצון
510004062,עוסק פטור,f,cancelled,ישראלית חברה פרטית,מחוקה
510004070,עוסק פטור,f,cancelled,ישראלית חברה פרטית,מחוסלת מרצון
510004088,"חברה בע""מ",t,cancelled,ישראלית חברה פרטית,מחוקה
510004096,עוסק פטור,f,cancelled,ישראלית חברה פרטית,מחוקה
510004104,עוסק פטור,f,cancelled,ישראלית חברה פרטית,מחוקה
510004112,"חברה בע""מ",t,cancelled,ישראלית חברה פרטית,מחוקה
510004120,עוסק פטור,f,cancelled,ישראלית חברה פרטית,מחוקה
510004138,עוסק פטור,f,active,ישראלית חברה פרטית,פעילה
510004146,עוסק פטור,f,cancelled,ישראלית חברה פרטית,מחוקה
510004153,"חברה בע""מ",t,cancelled,ישראלית חברה פרטית,מחוקה
510004161,עוסק פטור,f,cancelled,ישראלית חברה פרטית,מחוקה
510004179,עוסק פטור,f,cancelled,ישראלית חברה פרטית,מחוקה
510004187,"חברה בע""מ",t,cancelled,ישראלית חברה פרטית,מחוקה
510004195,"חברה בע""מ",t,cancelled,ישראלית חברה פרטית,מחוקה
510004203,עוסק פטור,f,cancelled,ישראלית חברה פרטית,מחוקה
510004211,עוסק פטור,f,cancelled,ישראלית חברה פרטית,מחוסלת מרצון
510004229,עוסק פטור,f,cancelled,ישראלית חברה פרטית,מחוקה
510004237,עוסק פטור,f,cancelled,ישראלית חברה פרטית,מחוקה
510004245,עוסק פטור,f,cancelled,ישראלית חברה פרטית,מחוקה
510004252,עוסק פטור,f,cancelled,ישראלית חברה פרטית,מחוקה
510004260,עוסק פטור,f,cancelled,ישראלית חברה פרטית,מחוקה
510004278,עוסק פטור,f,cancelled,ישראלית חברה פרטית,מחוקה
510004294,עוסק פטור,f,cancelled,ישראלית חברה פרטית,מחוקה
510004302,עוסק פטור,f,cancelled,ישראלית חברה פרטית,מחוסלת מרצון
510004310,עוסק פטור,f,cancelled,ישראלית חברה פרטית,מחוקה
510004328,עוסק פטור,f,cancelled,ישראלית חברה פרטית,מחוקה
510004336,עוסק פטור,f,cancelled,ישראלית חברה פרטית,מחוסלת מרצון
510004344,עוסק פטור,f,cancelled,ישראלית חברה פרטית,מחוקה
510004351,עוסק פטור,f,cancelled,ישראלית חברה פרטית,מחוקה
510004369,עוסק פטור,f,cancelled,ישראלית חברה פרטית,מחוקה
510004377,עוסק פטור,f,cancelled,ישראלית חברה פרטית,מחוקה
510004385,עוסק פטור,f,cancelled,ישראלית חברה פרטית,מחוקה
510004393,עוסק פטור,f,cancelled,ישראלית חברה פרטית,מחוקה
510004401,עוסק פטור,f,cancelled,ישראלית חברה פרטית,מחוקה
510004427,"חברה בע""מ",t,cancelled,ישראלית חברה פרטית,מחוקה
510004435,עוסק פטור,f,cancelled,ישראלית חברה פרטית,מחוקה
510004443,עוסק פטור,f,cancelled,ישראלית חברה פרטית,מחוקה
510004450,עוסק פטור,f,cancelled,ישראלית חברה פרטית,מחוקה
510004468,עוסק פטור,f,active,ישראלית חברה פרטית,פעילה
510004476,עוסק פטור,f,cancelled,ישראלית חברה פרטית,מחוקה
510004484,"חברה בע""מ",t,cancelled,ישראלית חברה פרטית,מחוקה
510004492,עוסק פטור,f,cancelled,ישראלית חברה פרטית,מחוקה
510004500,עוסק פטור,f,cancelled,ישראלית חברה פרטית,מחוקה
510004518,עוסק פטור,f,cancelled,ישראלית חברה פרטית,מחוקה
510004526,עוסק פטור,f,cancelled,ישראלית חברה פרטית,מחוקה
510004534,עוסק פטור,f,cancelled,ישראלית חברה פרטית,מחוקה
510004542,עוסק פטור,f,cancelled,ישראלית חברה פרטית,מחוקה
510004559,עוסק פטור,f,cancelled,ישראלית חברה פרטית,מחוקה
510004567,עוסק פטור,f,cancelled,ישראלית חברה פרטית,מחוקה
510004575,עוסק פטור,f,cancelled,ישראלית חברה פרטית,מחוקה
510004583,עוסק פטור,f,cancelled,ישראלית חברה פרטית,מחוקה
510004591,"חברה בע""מ",t,cancelled,ישראלית חברה פרטית,מחוקה
510004609,עוסק פטור,f,cancelled,ישראלית חברה פרטית,מחוקה
510004617,עוסק פטור,f,cancelled,ישראלית חברה פרטית,מחוקה
510004625,"חברה בע""מ",t,cancelled,ישראלית חברה פרטית,מחוקה
510004633,עוסק פטור,f,cancelled,ישראלית חברה פרטית,מחוקה
510004641,עוסק פטור,f,cancelled,ישראלית חברה פרטית,מחוסלת מרצון
510004658,"חברה בע""מ",t,cancelled,ישראלית חברה פרטית,מחוקה
510004666,עוסק פטור,f,cancelled,ישראלית חברה פרטית,מחוסלת מרצון
510004674,עוסק פטור,f,cancelled,ישראלית חברה פרטית,מחוסלת מרצון
510004682,עוסק פטור,f,cancelled,ישראלית חברה פרטית,מחוקה
510004690,עוסק פטור,f,cancelled,ישראלית חברה פרטית,מחוסלת מרצון
510004708,עוסק פטור,f,cancelled,ישראלית חברה פרטית,מחוקה
510004716,עוסק פטור,f,cancelled,ישראלית חברה פרטית,מחוקה
510004724,עוסק פטור,f,cancelled,ישראלית חברה פרטית,מחוקה
510004732,עוסק פטור,f,cancelled,ישראלית חברה פרטית,מחוקה
510004740,עוסק פטור,f,cancelled,ישראלית חברה פרטית,מחוסלת מרצון
510004757,עוסק פטור,f,cancelled,ישראלית חברה פרטית,מחוקה
510004765,עוסק פטור,f,cancelled,ישראלית חברה פרטית,מחוקה
510004773,עוסק פטור,f,cancelled,ישראלית חברה פרטית,מחוקה
510004781,עוסק פטור,f,active,ישראלית חברה פרטית,פעילה
510004799,עוסק פטור,f,cancelled,ישראלית חברה פרטית,מחוקה
510004807,עוסק פטור,f,cancelled,ישראלית חברה פרטית,מחוקה
510004815,"חברה בע""מ",t,cancelled,ישראלית חברה פרטית,מחוקה
510004823,עוסק פטור,f,cancelled,ישראלית חברה פרטית,מחוקה
510004831,עוסק פטור,f,cancelled,ישראלית חברה פרטית,בפרוק מרצון
510004849,עוסק פטור,f,cancelled,ישראלית חברה פרטית,מחוסלת מרצון
510004856,עוסק פטור,f,cancelled,ישראלית חברה פרטית,מחוקה
510004864,עוסק פטור,f,cancelled,ישראלית חברה פרטית,מחוקה
510004872,עוסק פטור,f,cancelled,ישראלית חברה פרטית,מחוקה
510004880,"חברה בע""מ",t,cancelled,ישראלית חברה פרטית,מחוקה
510004898,עוסק פטור,f,cancelled,ישראלית חברה פרטית,מחוקה
510004906,עוסק פטור,f,cancelled,ישראלית חברה פרטית,מחוקה
510004914,עוסק פטור,f,cancelled,ישראלית חברה פרטית,חיסול ע~י בימ~ש
510004922,"חברה בע""מ",t,cancelled,ישראלית חברה פרטית,מחוקה
510004930,עוסק פטור,f,cancelled,ישראלית חברה פרטית,מחוסלת מרצון
510004948,עוסק פטור,f,cancelled,ישראלית חברה פרטית,מחוקה
510004955,עוסק פטור,f,cancelled,ישראלית חברה פרטית,מחוקה
510004963,עוסק פטור,f,cancelled,ישראלית חברה פרטית,מחוקה
510004971,"חברה בע""מ",t,cancelled,ישראלית חברה פרטית,מחוקה
510004989,עוסק פטור,f,cancelled,ישראלית חברה פרטית,מחוקה
510004997,עוסק פטור,f,cancelled,ישראלית חברה פרטית,מחוקה
510005002,עוסק פטור,f,cancelled,ישראלית חברה פרטית,מחוקה
510005010,עוסק פטור,f,cancelled,ישראלית חברה פרטית,מחוקה
510005028,עוסק פטור,f,cancelled,ישראלית חברה פרטית,מחוקה
510005036,עוסק פטור,f,cancelled,ישראלית חברה פרטית,מחוקה
510005044,עוסק פטור,f,active,ישראלית חברה פרטית,פעילה
510005051,עוסק פטור,f,cancelled,ישראלית חברה פרטית,מחוקה
510005069,עוסק פטור,f,cancelled,ישראלית חברה פרטית,מחוקה
510005077,עוסק פטור,f,cancelled,ישראלית חברה פרטית,מחוקה
510005085,עוסק פטור,f,cancelled,ישראלית חברה פרטית,מחוקה
510005093,עוסק פטור,f,cancelled,ישראלית חברה פרטית,מחוסלת מרצון
510005101,עוסק פטור,f,cancelled,ישראלית חברה פרטית,מחוסלת מרצון
510005119,עוסק פטור,f,cancelled,ישראלית חברה פרטית,מחוקה
510005127,עוסק פטור,f,cancelled,ישראלית חברה פרטית,בפרוק מרצון
510005135,עוסק פטור,f,cancelled,ישראלית חברה פרטית,מחוקה
510005143,עוסק פטור,f,cancelled,ישראלית חברה פרטית,מחוקה
510005150,עוסק פטור,f,cancelled,ישראלית חברה פרטית,מחוקה
510005168,עוסק פטור,f,cancelled,ישראלית חברה פרטית,מחוקה
510005176,עוסק פטור,f,cancelled,ישראלית חברה פרטית,מחוקה
510005184,עוסק פטור,f,cancelled,ישראלית חברה פרטית,מחוקה
510005192,"חברה בע""מ",t,cancelled,ישראלית חברה פרטית,מחוקה
510005200,"חברה בע""מ",t,cancelled,ישראלית חברה פרטית,מחוקה
510005218,עוסק פטור,f,cancelled,ישראלית חברה פרטית,מחוקה
510005226,עוסק פטור,f,cancelled,ישראלית חברה פרטית,מחוקה
510005234,עוסק פטור,f,cancelled,ישראלית חברה פרטית,מחוקה
510005242,עוסק פטור,f,cancelled,ישראלית חברה פרטית,מחוקה
510005259,עוסק פטור,f,cancelled,ישראלית חברה פרטית,מחוקה
510005267,עוסק פטור,f,active,ישראלית חברה פרטית,פעילה
510005275,עוסק פטור,f,cancelled,ישראלית חברה פרטית,מחוסלת מרצון
510005283,עוסק פטור,f,cancelled,ישראלית חברה פרטית,מחוקה
510005291,"חברה בע""מ",t,cancelled,ישראלית חברה פרטית,מחוקה
510005309,עוסק פטור,f,cancelled,ישראלית חברה פרטית,מחוקה
510005325,עוסק פטור,f,cancelled,ישראלית חברה פרטית,מחוקה
510005333,עוסק פטור,f,cancelled,ישראלית חברה פרטית,מחוקה
510005341,עוסק פטור,f,cancelled,ישראלית חברה פרטית,מחוקה
510005358,עוסק פטור,f,cancelled,ישראלית חברה פרטית,מחוסלת מרצון
510005366,עוסק פטור,f,cancelled,ישראלית חברה פרטית,מחוסלת מרצון
510005374,עוסק פטור,f,cancelled,ישראלית חברה פרטית,מחוקה
510005382,עוסק פטור,f,cancelled,ישראלית חברה פרטית,מחוקה
510005390,עוסק פטור,f,cancelled,ישראלית חברה פרטית,מחוקה
510005408,עוסק פטור,f,cancelled,ישראלית חברה פרטית,מחוקה
510005416,עוסק פטור,f,cancelled,ישראלית חברה פרטית,מחוקה
510005424,עוסק פטור,f,cancelled,ישראלית חברה פרטית,מחוקה
510005432,עוסק פטור,f,cancelled,ישראלית חברה פרטית,מחוסלת מרצון
510005440,עוסק פטור,f,cancelled,ישראלית חברה פרטית,מחוסלת מרצון
510005457,"חברה בע""מ",t,cancelled,ישראלית חברה פרטית,מחוקה
510005465,עוסק פטור,f,cancelled,ישראלית חברה פרטית,מחוקה
510005473,עוסק פטור,f,cancelled,ישראלית חברה פרטית,מחוקה
510005481,עוסק פטור,f,active,ישראלית חברה פרטית,פעילה
510005499,עוסק פטור,f,cancelled,ישראלית חברה פרטית,מחוקה
510005507,עוסק פטור,f,cancelled,ישראלית חברה פרטית,מחוקה
510005515,עוסק פטור,f,cancelled,ישראלית חברה פרטית,מחוסלת מרצון
510005523,עוסק פטור,f,cancelled,ישראלית חברה פרטית,מחוקה
510005531,"חברה בע""מ",t,cancelled,ישראלית חברה פרטית,מחוקה
510005549,"חברה בע""מ",t,cancelled,ישראלית חברה פרטית,מחוקה
510005556,עוסק פטור,f,cancelled,ישראלית חברה פרטית,מחוקה
510005564,עוסק פטור,f,cancelled,ישראלית חברה פרטית,מחוקה
510005572,עוסק פטור,f,cancelled,ישראלית חברה פרטית,מחוקה
510005580,עוסק פטור,f,cancelled,ישראלית חברה פרטית,מחוקה
510005598,עוסק פטור,f,cancelled,ישראלית חברה פרטית,מחוקה
510005606,עוסק פטור,f,active,ישראלית חברה פרטית,פעילה
510005614,"חברה בע""מ",t,cancelled,ישראלית חברה פרטית,מחוקה
510005622,עוסק פטור,f,cancelled,ישראלית חברה פרטית,מחוסלת מרצון
510005630,עוסק פטור,f,cancelled,ישראלית חברה פרטית,מחוקה
510005648,עוסק פטור,f,cancelled,ישראלית חברה פרטית,מחוקה
510005655,"חברה בע""מ",t,cancelled,ישראלית חברה פרטית,מחוקה
510005663,עוסק פטור,f,cancelled,ישראלית חברה פרטית,מחוקה
510005671,עוסק פטור,f,cancelled,ישראלית חברה פרטית,מחוקה
510005689,עוסק פטור,f,active,ישראלית חברה פרטית,פעילה
510005697,עוסק פטור,f,active,ישראלית חברה פרטית,פעילה
510005705,עוסק פטור,f,active,ישראלית חברה פרטית,פעילה
510005713,עוסק פטור,f,cancelled,ישראלית חברה פרטית,מחוקה
510005721,"חברה בע""מ",t,cancelled,ישראלית חברה פרטית,מחוקה
510005739,עוסק פטור,f,cancelled,ישראלית חברה פרטית,מחוקה
510005747,עוסק פטור,f,cancelled,ישראלית חברה פרטית,מחוקה
510005754,עוסק פטור,f,cancelled,ישראלית חברה פרטית,מחוסלת מרצון
510005762,עוסק פטור,f,cancelled,ישראלית חברה פרטית,מחוקה
510005788,עוסק פטור,f,cancelled,ישראלית חברה פרטית,מחוקה
510005796,עוסק פטור,f,cancelled,ישראלית חברה פרטית,מחוקה
510005804,עוסק פטור,f,cancelled,ישראלית חברה פרטית,מחוקה
510005812,עוסק פטור,f,cancelled,ישראלית חברה פרטית,מחוקה
510005820,עוסק פטור,f,cancelled,ישראלית חברה פרטית,מחוקה
510005838,עוסק פטור,f,active,ישראלית חברה פרטית,פעילה
510005846,עוסק פטור,f,cancelled,ישראלית חברה פרטית,מחוסלת מרצון
510005853,עוסק פטור,f,cancelled,ישראלית חברה פרטית,מחוסלת מרצון
510005861,"חברה בע""מ",t,cancelled,ישראלית חברה פרטית,מחוקה
510005879,"חברה בע""מ",t,cancelled,ישראלית חברה פרטית,מחוקה
510005887,עוסק פטור,f,cancelled,ישראלית חברה פרטית,מחוקה
510005895,"חברה בע""מ",t,cancelled,ישראלית חברה פרטית,מחוקה
510005903,"חברה בע""מ",t,cancelled,ישראלית חברה פרטית,מחוקה
510005911,עוסק פטור,f,cancelled,ישראלית חברה פרטית,מחוקה
510005929,עוסק פטור,f,cancelled,ישראלית חברה פרטית,מחוקה
510005937,"חברה בע""מ",t,cancelled,ישראלית חברה פרטית,מחוקה
510005945,עוסק פטור,f,cancelled,ישראלית חברה פרטית,מחוקה
510005952,עוסק פטור,f,cancelled,ישראלית חברה פרטית,מחוקה
510005960,עוסק פטור,f,cancelled,ישראלית חברה פרטית,מחוקה
510005978,עוסק פטור,f,cancelled,ישראלית חברה פרטית,מחוקה
510005986,עוסק פטור,f,cancelled,ישראלית חברה פרטית,מחוקה
510005994,עוסק פטור,f,cancelled,ישראלית חברה פרטית,מחוקה
510006000,עוסק פטור,f,active,ישראלית חברה פרטית,פעילה
510006018,עוסק פטור,f,cancelled,ישראלית חברה פרטית,מחוקה
510006026,עוסק פטור,f,cancelled,ישראלית חברה פרטית,מחוקה
510006034,עוסק פטור,f,cancelled,ישראלית חברה פרטית,מחוקה
510006042,עוסק פטור,f,cancelled,ישראלית חברה פרטית,מחוסלת מרצון
510006059,"חברה בע""מ",t,cancelled,ישראלית חברה פרטית,מחוקה
510006067,עוסק פטור,f,active,ישראלית חברה פרטית,פעילה
510006075,עוסק פטור,f,cancelled,ישראלית חברה פרטית,חיסול ע~י בימ~ש
510006083,עוסק פטור,f,cancelled,ישראלית חברה פרטית,מחוקה
510006091,"חברה בע""מ",t,cancelled,ישראלית חברה פרטית,מחוקה
510006109,עוסק פטור,f,cancelled,ישראלית חברה פרטית,מחוקה
510006117,"חברה בע""מ",t,cancelled,ישראלית חברה פרטית,מחוקה
510006125,עוסק פטור,f,cancelled,ישראלית חברה פרטית,מחוקה
510006133,עוסק פטור,f,cancelled,ישראלית חברה פרטית,מחוקה
510006141,עוסק פטור,f,cancelled,ישראלית חברה פרטית,מחוקה
510006158,עוסק פטור,f,active,ישראלית חברה פרטית,פעילה
510006166,עוסק פטור,f,cancelled,ישראלית חברה פרטית,מחוקה
510006174,"חברה בע""מ",t,cancelled,ישראלית חברה פרטית,מחוקה
510006182,עוסק פטור,f,cancelled,ישראלית חברה פרטית,מחוקה
510006190,עוסק פטור,f,cancelled,ישראלית חברה פרטית,מחוקה
510006208,עוסק פטור,f,cancelled,ישראלית חברה פרטית,מחוקה
510006216,עוסק פטור,f,cancelled,ישראלית חברה פרטית,מחוקה
510006224,עוסק פטור,f,cancelled,ישראלית חברה פרטית,מחוקה
510006232,עוסק פטור,f,cancelled,ישראלית חברה פרטית,מחוסלת מרצון
510006240,עוסק פטור,f,cancelled,ישראלית חברה פרטית,מחוקה
510006257,עוסק פטור,f,cancelled,ישראלית חברה פרטית,מחוקה
510006265,עוסק פטור,f,cancelled,ישראלית חברה פרטית,מחוסלת מרצון
510006273,עוסק פטור,f,cancelled,ישראלית חברה פרטית,מחוקה
510006281,עוסק פטור,f,cancelled,ישראלית חברה פרטית,מחוקה
510006299,עוסק פטור,f,cancelled,ישראלית חברה פרטית,מחוקה
510006307,עוסק פטור,f,cancelled,ישראלית חברה פרטית,מחוסלת מרצון
510006315,עוסק פטור,f,active,ישראלית חברה פרטית,פעילה
510006323,עוסק פטור,f,cancelled,ישראלית חברה פרטית,מחוקה
510006331,עוסק פטור,f,cancelled,ישראלית חברה פרטית,מחוקה
510006349,עוסק פטור,f,cancelled,ישראלית חברה פרטית,מחוקה
510006356,עוסק פטור,f,cancelled,ישראלית חברה פרטית,מחוסלת מרצון
510006364,עוסק פטור,f,cancelled,ישראלית חברה פרטית,מחוקה
510006372,עוסק פטור,f,cancelled,ישראלית חברה פרטית,מחוקה
510006380,עוסק פטור,f,cancelled,ישראלית חברה פרטית,מחוקה
510006398,"חברה בע""מ",t,cancelled,ישראלית חברה פרטית,מחוקה
510006406,עוסק פטור,f,cancelled,ישראלית חברה פרטית,מחוקה
510006414,עוסק פטור,f,cancelled,ישראלית חברה פרטית,מחוקה
510006422,עוסק פטור,f,cancelled,ישראלית חברה פרטית,מחוקה
510006430,"חברה בע""מ",t,cancelled,ישראלית חברה פרטית,מחוקה
510006455,עוסק פטור,f,cancelled,ישראלית חברה פרטית,בפרוק מרצון
510006463,עוסק פטור,f,cancelled,ישראלית חברה פרטית,מחוקה
510006471,עוסק פטור,f,cancelled,ישראלית חברה פרטית,מחוקה
510006489,עוסק פטור,f,cancelled,ישראלית חברה פרטית,מחוקה
510006497,"חברה בע""מ",t,cancelled,ישראלית חברה פרטית,מחוקה
510006505,עוסק פטור,f,active,ישראלית חברה פרטית,פעילה
510006513,עוסק פטור,f,active,ישראלית חברה פרטית,פעילה
510006521,"חברה בע""מ",t,cancelled,ישראלית חברה פרטית,מחוקה
510006539,עוסק פטור,f,cancelled,ישראלית חברה פרטית,מחוקה
510006547,עוסק פטור,f,cancelled,ישראלית חברה פרטית,בפרוק מרצון
510006554,עוסק פטור,f,cancelled,ישראלית חברה פרטית,מחוסלת מרצון
510006562,עוסק פטור,f,cancelled,ישראלית חברה פרטית,מחוקה
510006570,עוסק פטור,f,cancelled,ישראלית חברה פרטית,מחוסלת מרצון
510006588,עוסק פטור,f,cancelled,ישראלית חברה פרטית,מחוקה
510006596,עוסק פטור,f,cancelled,ישראלית חברה פרטית,מחוקה
510006604,עוסק פטור,f,cancelled,ישראלית חברה פרטית,מחוקה
510006612,עוסק פטור,f,cancelled,ישראלית חברה פרטית,מחוקה
510006620,עוסק פטור,f,cancelled,ישראלית חברה פרטית,מחוקה
510006638,"חברה בע""מ",t,cancelled,ישראלית חברה פרטית,מחוקה
510006646,עוסק פטור,f,cancelled,ישראלית חברה פרטית,מחוסלת מרצון
510006653,עוסק פטור,f,cancelled,ישראלית חברה פרטית,מחוקה
510006661,עוסק פטור,f,cancelled,ישראלית חברה פרטית,מחוקה
510006679,"חברה בע""מ",t,cancelled,ישראלית חברה פרטית,מחוקה
510006687,עוסק פטור,f,cancelled,ישראלית חברה פרטית,מחוקה
510006695,עוסק פטור,f,cancelled,ישראלית חברה פרטית,מחוסלת עקב מיזוג
510006703,"חברה בע""מ",t,cancelled,ישראלית חברה פרטית,מחוקה
510006711,"חברה בע""מ",t,cancelled,ישראלית חברה פרטית,מחוקה
510006729,עוסק פטור,f,cancelled,ישראלית חברה פרטית,מחוסלת מרצון
510006737,עוסק פטור,f,cancelled,ישראלית חברה פרטית,מחוקה
510006745,עוסק פטור,f,cancelled,ישראלית חברה פרטית,מחוקה
510006752,עוסק פטור,f,cancelled,ישראלית חברה פרטית,מחוקה
510006760,עוסק פטור,f,cancelled,ישראלית חברה פרטית,מחוקה
510006778,עוסק פטור,f,cancelled,ישראלית חברה פרטית,מחוקה
510006786,עוסק פטור,f,cancelled,ישראלית חברה פרטית,מחוקה
510006794,עוסק פטור,f,cancelled,ישראלית חברה פרטית,מחוקה
510006802,עוסק פטור,f,cancelled,ישראלית חברה פרטית,מחוקה
510006810,עוסק פטור,f,cancelled,ישראלית חברה פרטית,מחוסלת מרצון
510006828,עוסק פטור,f,cancelled,ישראלית חברה פרטית,מחוקה
510006836,עוסק פטור,f,cancelled,ישראלית חברה פרטית,מחוקה
510006844,עוסק פטור,f,cancelled,ישראלית חברה פרטית,מחוקה
510006851,עוסק פטור,f,cancelled,ישראלית חברה פרטית,מחוסלת מרצון
510006869,עוסק פטור,f,cancelled,ישראלית חברה פרטית,מחוקה
510006877,עוסק פטור,f,cancelled,ישראלית חברה פרטית,מחוקה
510006885,עוסק פטור,f,cancelled,ישראלית חברה פרטית,מחוקה
510006893,עוסק פטור,f,active,ישראלית חברה פרטית,פעילה
510006901,עוסק פטור,f,cancelled,ישראלית חברה פרטית,מחוקה
510006919,עוסק פטור,f,cancelled,ישראלית חברה פרטית,מחוקה
510006927,עוסק פטור,f,cancelled,ישראלית חברה פרטית,מחוקה
510006935,עוסק פטור,f,cancelled,ישראלית חברה פרטית,מחוקה
510006943,עוסק פטור,f,cancelled,ישראלית חברה פרטית,מחוקה
510006950,עוסק פטור,f,cancelled,ישראלית חברה פרטית,מחוקה
510006968,"חברה בע""מ",t,cancelled,ישראלית חברה פרטית,מחוקה
510006976,עוסק פטור,f,cancelled,ישראלית חברה פרטית,מחוקה
510006984,עוסק פטור,f,cancelled,ישראלית חברה פרטית,מחוקה
510007008,עוסק פטור,f,cancelled,ישראלית חברה פרטית,בפרוק מרצון
510007016,עוסק פטור,f,active,ישראלית חברה פרטית,פעילה
510007024,עוסק פטור,f,cancelled,ישראלית חברה פרטית,מחוקה
510007032,עוסק פטור,f,cancelled,ישראלית חברה פרטית,מחוקה
510007040,עוסק פטור,f,cancelled,ישראלית חברה פרטית,מחוקה
510007057,עוסק פטור,f,cancelled,ישראלית חברה פרטית,מחוקה
510007065,עוסק פטור,f,cancelled,ישראלית חברה פרטית,בפרוק מרצון
510007073,עוסק פטור,f,cancelled,ישראלית חברה פרטית,מחוקה
510007081,עוסק פטור,f,cancelled,ישראלית חברה פרטית,מחוקה
510007099,"חברה בע""מ",t,cancelled,ישראלית חברה פרטית,מחוקה
510007107,עוסק פטור,f,cancelled,ישראלית חברה פרטית,מחוקה
510007115,עוסק פטור,f,cancelled,ישראלית חברה פרטית,מחוקה
510007123,עוסק פטור,f,cancelled,ישראלית חברה פרטית,מחוקה
510007131,עוסק פטור,f,cancelled,ישראלית חברה פרטית,מחוקה
510007149,עוסק פטור,f,cancelled,ישראלית חברה פרטית,מחוקה
510007156,עוסק פטור,f,cancelled,ישראלית חברה פרטית,מחוקה
510007164,עוסק פטור,f,cancelled,ישראלית חברה פרטית,מחוקה
510007172,עוסק פטור,f,cancelled,ישראלית חברה פרטית,מחוקה
510007180,עוסק פטור,f,cancelled,ישראלית חברה פרטית,מחוקה
510007198,עוסק פטור,f,cancelled,ישראלית חברה פרטית,מחוקה
510007206,עוסק פטור,f,cancelled,ישראלית חברה פרטית,מחוקה
510007214,עוסק פטור,f,cancelled,ישראלית חברה פרטית,מחוקה
510007222,עוסק פטור,f,cancelled,ישראלית חברה פרטית,מחוקה
510007230,"חברה בע""מ",t,cancelled,ישראלית חברה פרטית,מחוקה
510007248,עוסק פטור,f,cancelled,ישראלית חברה פרטית,מחוקה
510007255,עוסק פטור,f,cancelled,ישראלית חברה פרטית,מחוקה
510007263,עוסק פטור,f,cancelled,ישראלית חברה פרטית,מחוקה
510007271,"חברה בע""מ",t,cancelled,ישראלית חברה פרטית,מחוקה
510007289,עוסק פטור,f,cancelled,ישראלית חברה פרטית,מחוקה
510007297,עוסק פטור,f,cancelled,ישראלית חברה פרטית,מחוקה
510007305,עוסק פטור,f,cancelled,ישראלית חברה פרטית,מחוקה
510007313,עוסק פטור,f,cancelled,ישראלית חברה פרטית,מחוקה
510007321,עוסק פטור,f,cancelled,ישראלית חברה פרטית,מחוקה
510007339,עוסק פטור,f,cancelled,ישראלית חברה פרטית,מחוקה
510007347,עוסק פטור,f,cancelled,ישראלית חברה פרטית,מחוקה
510007354,עוסק פטור,f,cancelled,ישראלית חברה פרטית,מחוקה
510007362,עוסק פטור,f,active,ישראלית חברה פרטית,פעילה
510007370,עוסק פטור,f,cancelled,ישראלית חברה פרטית,חיסול ע~י בימ~ש
510007388,עוסק פטור,f,cancelled,ישראלית חברה פרטית,מחוקה
510007396,עוסק פטור,f,cancelled,ישראלית חברה פרטית,מחוסלת מרצון
510007404,עוסק פטור,f,active,ישראלית חברה פרטית,פעילה
510007412,עוסק פטור,f,cancelled,ישראלית חברה פרטית,מחוקה
510007420,עוסק פטור,f,cancelled,ישראלית חברה פרטית,מחוקה
510007438,עוסק פטור,f,cancelled,ישראלית חברה פרטית,מחוקה
510007446,עוסק פטור,f,cancelled,ישראלית חברה פרטית,מחוקה
510007453,עוסק פטור,f,cancelled,ישראלית חברה פרטית,מחוסלת מרצון
510007461,עוסק פטור,f,cancelled,ישראלית חברה פרטית,מחוקה
510007479,עוסק פטור,f,cancelled,ישראלית חברה פרטית,מחוקה
510007487,עוסק פטור,f,cancelled,ישראלית חברה פרטית,מחוקה
510007495,"חברה בע""מ",t,cancelled,ישראלית חברה פרטית,מחוקה
510007503,"חברה בע""מ",t,cancelled,ישראלית חברה פרטית,מחוקה
510007511,עוסק פטור,f,cancelled,ישראלית חברה פרטית,מחוקה
510007529,עוסק פטור,f,cancelled,ישראלית חברה פרטית,מחוקה
510007537,עוסק פטור,f,cancelled,ישראלית חברה פרטית,מחוקה
510007545,עוסק פטור,f,cancelled,ישראלית חברה פרטית,מחוקה
510007552,עוסק פטור,f,cancelled,ישראלית חברה פרטית,מחוקה
510007560,עוסק פטור,f,active,ישראלית חברה פרטית,פעילה
510007578,עוסק פטור,f,cancelled,ישראלית חברה פרטית,מחוקה
510007586,עוסק פטור,f,active,ישראלית חברה פרטית,פעילה
510007594,"חברה בע""מ",t,cancelled,ישראלית חברה פרטית,מחוקה
510007602,עוסק פטור,f,cancelled,ישראלית חברה פרטית,מחוקה
510007610,עוסק פטור,f,cancelled,ישראלית חברה פרטית,מחוסלת מרצון
510007628,עוסק פטור,f,cancelled,ישראלית חברה פרטית,מחוקה
510007636,"חברה בע""מ",t,cancelled,ישראלית חברה פרטית,מחוקה
510007644,עוסק פטור,f,cancelled,ישראלית חברה פרטית,מחוקה
510007651,עוסק פטור,f,cancelled,ישראלית חברה פרטית,מחוקה
510007669,עוסק פטור,f,cancelled,ישראלית חברה פרטית,מחוסלת מרצון
510007677,עוסק פטור,f,cancelled,ישראלית חברה פרטית,מחוקה
510007685,עוסק פטור,f,cancelled,ישראלית חברה פרטית,מחוקה
510007693,עוסק פטור,f,active,ישראלית חברה פרטית,פעילה
510007701,עוסק פטור,f,active,ישראלית חברה פרטית,פעילה
510007719,עוסק פטור,f,cancelled,ישראלית חברה פרטית,מחוקה
510007727,עוסק פטור,f,active,ישראלית חברה פרטית,פעילה
510007735,עוסק פטור,f,cancelled,ישראלית חברה פרטית,מחוקה
510007743,עוסק פטור,f,cancelled,ישראלית חברה פרטית,מחוקה
510007750,עוסק פטור,f,cancelled,ישראלית חברה פרטית,מחוקה
510007768,עוסק פטור,f,cancelled,ישראלית חברה פרטית,מחוקה
510007776,עוסק פטור,f,cancelled,ישראלית חברה פרטית,מחוקה
510007784,עוסק פטור,f,cancelled,ישראלית חברה פרטית,מחוקה
510007792,עוסק פטור,f,active,ישראלית חברה פרטית,פעילה
510007800,עוסק פטור,f,active,ישראלית חברה ציבורית,פעילה
510007818,עוסק פטור,f,cancelled,ישראלית חברה פרטית,מחוקה
510007826,עוסק פטור,f,cancelled,ישראלית חברה פרטית,מחוקה
510007834,עוסק פטור,f,cancelled,ישראלית חברה פרטית,מחוקה
510007842,עוסק פטור,f,cancelled,ישראלית חברה פרטית,מחוסלת מרצון
510007859,עוסק פטור,f,cancelled,ישראלית חברה פרטית,מחוקה
510007867,עוסק פטור,f,cancelled,ישראלית חברה פרטית,מחוסלת מרצון
510007875,עוסק פטור,f,cancelled,ישראלית חברה פרטית,מחוקה
510007883,עוסק פטור,f,cancelled,ישראלית חברה פרטית,מחוסלת מרצון
510007891,"חברה בע""מ",t,cancelled,ישראלית חברה פרטית,מחוקה
510007909,עוסק פטור,f,cancelled,ישראלית חברה פרטית,מחוקה
510007917,עוסק פטור,f,cancelled,ישראלית חברה פרטית,מחוקה
510007925,עוסק פטור,f,cancelled,ישראלית חברה פרטית,מחוקה
510007933,עוסק פטור,f,cancelled,ישראלית חברה פרטית,מחוקה
510007941,עוסק פטור,f,cancelled,ישראלית חברה פרטית,מחוסלת מרצון
510007958,עוסק פטור,f,cancelled,ישראלית חברה פרטית,מחוקה
510007966,עוסק פטור,f,cancelled,ישראלית חברה פרטית,מחוקה
510007974,עוסק פטור,f,cancelled,ישראלית חברה פרטית,מחוקה
510007982,עוסק פטור,f,cancelled,ישראלית חברה פרטית,מחוקה
510007990,עוסק פטור,f,cancelled,ישראלית חברה פרטית,מחוקה
510008006,עוסק פטור,f,cancelled,ישראלית חברה פרטית,מחוקה
510008014,עוסק פטור,f,cancelled,ישראלית חברה פרטית,מחוסלת מרצון
510008022,עוסק פטור,f,cancelled,ישראלית חברה פרטית,מחוקה
510008030,עוסק פטור,f,cancelled,ישראלית חברה פרטית,מחוקה
510008048,עוסק פטור,f,cancelled,ישראלית חברה פרטית,מחוקה
510008055,עוסק פטור,f,cancelled,ישראלית חברה פרטית,מחוקה
510008063,עוסק פטור,f,cancelled,ישראלית חברה פרטית,מחוקה
510008071,עוסק פטור,f,cancelled,ישראלית חברה פרטית,מחוקה
510008089,עוסק פטור,f,cancelled,ישראלית חברה פרטית,מחוקה
510008097,עוסק פטור,f,cancelled,ישראלית חברה פרטית,מחוקה
510008105,עוסק פטור,f,cancelled,ישראלית חברה פרטית,מחוקה
510008113,עוסק פטור,f,active,ישראלית חברה פרטית,פעילה
510008121,עוסק פטור,f,cancelled,ישראלית חברה פרטית,מחוקה
510008139,עוסק פטור,f,cancelled,ישראלית חברה פרטית,מחוקה
510008147,עוסק פטור,f,cancelled,ישראלית חברה פרטית,מחוסלת מרצון
510008154,עוסק פטור,f,cancelled,ישראלית חברה פרטית,מחוקה
510008162,עוסק פטור,f,cancelled,ישראלית חברה פרטית,מחוסלת מרצון
510008170,עוסק פטור,f,cancelled,ישראלית חברה פרטית,מחוקה
510008188,עוסק פטור,f,cancelled,ישראלית חברה פרטית,מחוקה
510008196,"חברה בע""מ",t,cancelled,ישראלית חברה פרטית,מחוקה
510008204,עוסק פטור,f,cancelled,ישראלית חברה פרטית,מחוקה
510008212,"חברה בע""מ",t,cancelled,ישראלית חברה פרטית,מחוקה
510008220,עוסק פטור,f,cancelled,ישראלית חברה פרטית,מחוקה
510008238,עוסק פטור,f,cancelled,ישראלית חברה פרטית,מחוקה
510008246,עוסק פטור,f,cancelled,ישראלית חברה פרטית,פעילה זמנית
510008253,עוסק פטור,f,cancelled,ישראלית חברה פרטית,מחוקה
510008261,עוסק פטור,f,cancelled,ישראלית חברה פרטית,מחוקה
510008279,עוסק פטור,f,cancelled,ישראלית חברה פרטית,מחוסלת מרצון
510008287,עוסק פטור,f,cancelled,ישראלית חברה פרטית,מחוקה
510008295,עוסק פטור,f,active,ישראלית חברה פרטית,פעילה
510008303,"חברה בע""מ",t,cancelled,ישראלית חברה פרטית,מחוקה
510008311,עוסק פטור,f,cancelled,ישראלית חברה פרטית,מחוסלת מרצון
510008329,עוסק פטור,f,cancelled,ישראלית חברה פרטית,מחוקה
510008345,עוסק פטור,f,cancelled,ישראלית חברה פרטית,מחוקה
510008352,עוסק פטור,f,cancelled,ישראלית חברה פרטית,מחוקה
510008360,עוסק פטור,f,cancelled,ישראלית חברה פרטית,מחוקה
510008378,עוסק פטור,f,cancelled,ישראלית חברה פרטית,מחוסלת מרצון
510008386,עוסק פטור,f,cancelled,ישראלית חברה פרטית,מחוקה
510008394,עוסק פטור,f,cancelled,ישראלית חברה פרטית,מחוקה
510008402,עוסק פטור,f,active,ישראלית חברה פרטית,פעילה
510008410,עוסק פטור,f,cancelled,ישראלית חברה פרטית,מחוקה
510008428,עוסק פטור,f,cancelled,ישראלית חברה פרטית,מחוקה
510008436,עוסק פטור,f,active,ישראלית חברה פרטית,פעילה
510008444,עוסק פטור,f,cancelled,ישראלית חברה פרטית,מחוקה
510008451,עוסק פטור,f,cancelled,ישראלית חברה פרטית,מחוקה
510008469,עוסק פטור,f,cancelled,ישראלית חברה פרטית,מחוקה
510008477,עוסק פטור,f,cancelled,ישראלית חברה פרטית,מחוקה
510008485,עוסק פטור,f,cancelled,ישראלית חברה פרטית,מחוקה
510008493,"חברה בע""מ",t,cancelled,ישראלית חברה פרטית,מחוקה
510008501,עוסק פטור,f,cancelled,ישראלית חברה פרטית,מחוקה
510008519,עוסק פטור,f,cancelled,ישראלית חברה פרטית,מחוקה
510008527,עוסק פטור,f,active,ישראלית חברה פרטית,פעילה
510008535,עוסק פטור,f,cancelled,ישראלית חברה פרטית,מחוקה
510008543,עוסק פטור,f,cancelled,ישראלית חברה פרטית,מחוקה
510008550,"חברה בע""מ",t,cancelled,ישראלית חברה פרטית,מחוקה
510008568,עוסק פטור,f,cancelled,ישראלית חברה פרטית,מחוקה
510008576,עוסק פטור,f,cancelled,ישראלית חברה פרטית,מחוקה
510008584,עוסק פטור,f,cancelled,ישראלית חברה פרטית,מחוקה
510008592,עוסק פטור,f,cancelled,ישראלית חברה פרטית,בפרוק ע~י בימ~ש
510008600,עוסק פטור,f,cancelled,ישראלית חברה פרטית,מחוקה
510008618,עוסק פטור,f,active,ישראלית חברה פרטית,פעילה
510008626,עוסק פטור,f,cancelled,ישראלית חברה פרטית,מחוקה
510008634,עוסק פטור,f,cancelled,ישראלית חברה פרטית,מחוקה
510008642,עוסק פטור,f,active,ישראלית חברה פרטית,פעילה
510008659,עוסק פטור,f,cancelled,ישראלית חברה פרטית,מחוקה
510008667,עוסק פטור,f,cancelled,ישראלית חברה פרטית,מחוקה
510008675,עוסק פטור,f,active,ישראלית חברה פרטית,פעילה
510008683,עוסק פטור,f,cancelled,ישראלית חברה פרטית,מחוקה
510008691,עוסק פטור,f,cancelled,ישראלית חברה פרטית,מחוקה
510008709,עוסק פטור,f,cancelled,ישראלית חברה פרטית,מחוקה
510008717,עוסק פטור,f,cancelled,ישראלית חברה פרטית,מחוקה
510008725,עוסק פטור,f,cancelled,ישראלית חברה פרטית,מחוקה
510008733,עוסק פטור,f,cancelled,ישראלית חברה פרטית,מחוקה
510008741,עוסק פטור,f,cancelled,ישראלית חברה פרטית,מחוקה
510008758,עוסק פטור,f,cancelled,ישראלית חברה פרטית,מחוקה
510008766,עוסק פטור,f,cancelled,ישראלית חברה פרטית,מחוקה
510008774,עוסק פטור,f,cancelled,ישראלית חברה פרטית,מחוקה
510008782,עוסק פטור,f,cancelled,ישראלית חברה פרטית,מחוקה
510008790,עוסק פטור,f,cancelled,ישראלית חברה פרטית,מחוקה
510008808,עוסק פטור,f,cancelled,ישראלית חברה פרטית,מחוסלת מרצון
510008816,עוסק פטור,f,cancelled,ישראלית חברה פרטית,מחוסלת מרצון
510008824,עוסק פטור,f,active,ישראלית חברה פרטית,פעילה
510008832,עוסק פטור,f,cancelled,ישראלית חברה פרטית,מחוקה
510008840,"חברה בע""מ",t,cancelled,ישראלית חברה פרטית,מחוקה
510008857,עוסק פטור,f,active,ישראלית חברה פרטית,פעילה
510008873,עוסק פטור,f,cancelled,ישראלית חברה פרטית,מחוקה
510008881,עוסק פטור,f,cancelled,ישראלית חברה פרטית,מחוקה
510008899,עוסק פטור,f,cancelled,ישראלית חברה פרטית,מחוקה
510008907,עוסק פטור,f,cancelled,ישראלית חברה פרטית,בפרוק מרצון
510008915,עוסק פטור,f,cancelled,ישראלית חברה פרטית,מחוקה
510008923,עוסק פטור,f,cancelled,ישראלית חברה פרטית,מחוסלת מרצון
510008931,עוסק פטור,f,cancelled,ישראלית חברה פרטית,מחוסלת מרצון
510008949,"חברה בע""מ",t,cancelled,ישראלית חברה פרטית,מחוקה
510008956,עוסק פטור,f,cancelled,ישראלית חברה פרטית,מחוסלת מרצון
510008964,עוסק פטור,f,cancelled,ישראלית חברה פרטית,מחוקה
510008972,עוסק פטור,f,cancelled,ישראלית חברה פרטית,מחוקה
510008980,עוסק פטור,f,cancelled,ישראלית חברה פרטית,מחוקה
510008998,עוסק פטור,f,cancelled,ישראלית חברה פרטית,מחוקה
510009004,עוסק פטור,f,cancelled,ישראלית חברה פרטית,מחוקה
510009012,עוסק פטור,f,cancelled,ישראלית חברה פרטית,מחוקה
510009020,עוסק פטור,f,cancelled,ישראלית חברה פרטית,מחוקה
510009038,עוסק פטור,f,cancelled,ישראלית חברה פרטית,מחוקה
510009046,עוסק פטור,f,cancelled,ישראלית חברה פרטית,מחוקה
510009053,"חברה בע""מ",t,cancelled,ישראלית חברה פרטית,מחוקה
510009061,עוסק פטור,f,cancelled,ישראלית חברה פרטית,מחוקה
510009079,עוסק פטור,f,cancelled,ישראלית חברה פרטית,מחוקה
510009087,עוסק פטור,f,cancelled,ישראלית חברה פרטית,מחוקה
510009095,עוסק פטור,f,cancelled,ישראלית חברה פרטית,מחוקה
510009103,עוסק פטור,f,cancelled,ישראלית חברה פרטית,מחוקה
510009111,עוסק פטור,f,cancelled,ישראלית חברה פרטית,מחוקה
510009129,עוסק פטור,f,active,ישראלית חברה פרטית,פעילה
510009137,עוסק פטור,f,cancelled,ישראלית חברה פרטית,מחוקה
510009145,עוסק פטור,f,active,ישראלית חברה פרטית,פעילה
510009152,עוסק פטור,f,active,ישראלית חברה פרטית,פעילה
510009160,עוסק פטור,f,cancelled,ישראלית חברה פרטית,מחוקה
510009178,עוסק פטור,f,cancelled,ישראלית חברה פרטית,מחוקה
510009186,עוסק פטור,f,cancelled,ישראלית חברה פרטית,בפרוק מרצון
510009194,עוסק פטור,f,cancelled,ישראלית חברה פרטית,מחוקה
510009202,עוסק פטור,f,cancelled,ישראלית חברה פרטית,מחוסלת מרצון
510009210,עוסק פטור,f,cancelled,ישראלית חברה פרטית,מחוקה
510009228,"חברה בע""מ",t,cancelled,ישראלית חברה פרטית,מחוקה
510009236,"חברה בע""מ",t,cancelled,ישראלית חברה פרטית,מחוקה
510009244,עוסק פטור,f,active,ישראלית חברה פרטית,פעילה
510009251,עוסק פטור,f,cancelled,ישראלית חברה פרטית,מחוקה
510009269,עוסק פטור,f,cancelled,ישראלית חברה פרטית,מחוסלת מרצון
510009277,עוסק פטור,f,cancelled,ישראלית חברה פרטית,מחוקה
510009285,עוסק פטור,f,cancelled,ישראלית חברה פרטית,מחוקה
510009293,עוסק פטור,f,cancelled,ישראלית חברה פרטית,מחוקה
510009301,"חברה בע""מ",t,cancelled,ישראלית חברה פרטית,מחוקה
510009319,עוסק פטור,f,cancelled,ישראלית חברה פרטית,מחוקה
510009327,"חברה בע""מ",t,cancelled,ישראלית חברה פרטית,מחוקה
510009335,"חברה בע""מ",t,cancelled,ישראלית חברה פרטית,מחוקה
510009343,עוסק פטור,f,cancelled,ישראלית חברה פרטית,מחוקה
510009350,עוסק פטור,f,active,ישראלית חברה פרטית,פעילה
510009376,עוסק פטור,f,cancelled,ישראלית חברה פרטית,מחוקה
510009384,"חברה בע""מ",t,cancelled,ישראלית חברה פרטית,מחוקה
510009392,עוסק פטור,f,active,ישראלית חברה פרטית,פעילה
510009400,עוסק פטור,f,cancelled,ישראלית חברה פרטית,בפרוק מרצון
510009418,"חברה בע""מ",t,cancelled,ישראלית חברה פרטית,מחוקה
510009426,"חברה בע""מ",t,cancelled,ישראלית חברה פרטית,מחוקה
510009434,עוסק פטור,f,cancelled,ישראלית חברה פרטית,בפרוק מרצון
510009442,עוסק פטור,f,cancelled,ישראלית חברה פרטית,מחוקה
510009459,עוסק פטור,f,cancelled,ישראלית חברה פרטית,בפרוק ע~י בימ~ש
510009467,עוסק פטור,f,cancelled,ישראלית חברה פרטית,מחוקה
510009475,"חברה בע""מ",t,cancelled,ישראלית חברה פרטית,מחוקה
510009483,עוסק פטור,f,cancelled,ישראלית חברה פרטית,מחוסלת מרצון
510009491,עוסק פטור,f,cancelled,ישראלית חברה פרטית,מחוקה
510009509,עוסק פטור,f,cancelled,ישראלית חברה פרטית,מחוקה
510009517,עוסק פטור,f,cancelled,ישראלית חברה פרטית,מחוסלת מרצון
510009525,עוסק פטור,f,cancelled,ישראלית חברה פרטית,מחוקה
510009533,עוסק פטור,f,cancelled,ישראלית חברה פרטית,בפרוק מרצון
510009541,עוסק פטור,f,cancelled,ישראלית חברה פרטית,מחוסלת מרצון
510009558,עוסק פטור,f,active,ישראלית חברה פרטית,פעילה
510009566,עוסק פטור,f,cancelled,ישראלית חברה פרטית,מחוקה
510009574,עוסק פטור,f,cancelled,ישראלית חברה פרטית,מחוקה
510009582,עוסק פטור,f,cancelled,ישראלית חברה פרטית,מחוקה
510009590,עוסק פטור,f,cancelled,ישראלית חברה פרטית,מחוקה
510009608,"חברה בע""מ",t,cancelled,ישראלית חברה פרטית,מחוקה
510009616,עוסק פטור,f,cancelled,ישראלית חברה פרטית,מחוקה
510009624,עוסק פטור,f,cancelled,ישראלית חברה פרטית,מחוקה
510009632,עוסק פטור,f,active,ישראלית חברה פרטית,פעילה
510009640,עוסק פטור,f,cancelled,ישראלית חברה פרטית,מחוסלת מרצון
510009657,עוסק פטור,f,active,ישראלית חברה פרטית,פעילה
510009665,עוסק פטור,f,cancelled,ישראלית חברה פרטית,מחוקה
510009673,עוסק פטור,f,cancelled,ישראלית חברה פרטית,מחוקה
510009681,עוסק פטור,f,cancelled,ישראלית חברה פרטית,מחוסלת מרצון
510009699,עוסק פטור,f,cancelled,ישראלית חברה פרטית,מחוקה
510009707,"חברה בע""מ",t,cancelled,ישראלית חברה פרטית,מחוקה
510009715,עוסק פטור,f,cancelled,ישראלית חברה פרטית,מחוקה
510009723,עוסק פטור,f,cancelled,ישראלית חברה פרטית,מחוקה
510009731,עוסק פטור,f,cancelled,ישראלית חברה פרטית,מחוקה
510009749,עוסק פטור,f,cancelled,ישראלית חברה פרטית,מחוסלת מרצון
510009756,עוסק פטור,f,cancelled,ישראלית חברה פרטית,מחוקה
510009772,עוסק פטור,f,cancelled,ישראלית חברה פרטית,מחוקה
510009798,עוסק פטור,f,cancelled,ישראלית חברה פרטית,מחוקה
510009806,עוסק פטור,f,cancelled,ישראלית חברה פרטית,מחוקה
510009814,עוסק פטור,f,cancelled,ישראלית חברה פרטית,מחוקה
510009822,עוסק פטור,f,cancelled,ישראלית חברה פרטית,מחוקה
510009830,עוסק פטור,f,cancelled,ישראלית חברה פרטית,מחוקה
510009848,עוסק פטור,f,cancelled,ישראלית חברה פרטית,מחוקה
510009855,עוסק פטור,f,cancelled,ישראלית חברה פרטית,מחוקה
510009863,"חברה בע""מ",t,cancelled,ישראלית חברה פרטית,מחוקה
510009871,עוסק פטור,f,cancelled,ישראלית חברה פרטית,מחוקה
510009889,עוסק פטור,f,cancelled,ישראלית חברה פרטית,מחוקה
510009897,עוסק פטור,f,active,ישראלית חברה פרטית,פעילה
510009905,עוסק פטור,f,active,ישראלית חברה פרטית,פעילה
510009913,עוסק פטור,f,cancelled,ישראלית חברה פרטית,מחוקה
510009921,עוסק פטור,f,cancelled,ישראלית חברה פרטית,מחוקה
510009939,עוסק פטור,f,cancelled,ישראלית חברה פרטית,מחוסלת מרצון
510009947,עוסק פטור,f,cancelled,ישראלית חברה פרטית,מחוקה
510009954,"חברה בע""מ",t,cancelled,ישראלית חברה פרטית,מחוקה
510009962,"חברה בע""מ",t,cancelled,ישראלית חברה פרטית,מחוקה
510009970,עוסק פטור,f,cancelled,ישראלית חברה פרטית,מחוקה
510009988,עוסק פטור,f,active,ישראלית חברה פרטית,פעילה
510009996,"חברה בע""מ",t,cancelled,ישראלית חברה פרטית,מחוקה
510010002,עוסק פטור,f,cancelled,ישראלית חברה פרטית,מחוקה
510010010,עוסק פטור,f,cancelled,ישראלית חברה פרטית,מחוסלת מרצון
510010028,עוסק פטור,f,cancelled,ישראלית חברה פרטית,מחוסלת מרצון
510010036,עוסק פטור,f,cancelled,ישראלית חברה פרטית,מחוקה
510010044,עוסק פטור,f,cancelled,ישראלית חברה פרטית,מחוקה
510010051,עוסק פטור,f,cancelled,ישראלית חברה פרטית,מחוקה
510010069,עוסק פטור,f,cancelled,ישראלית חברה פרטית,מחוקה
510010077,עוסק פטור,f,cancelled,ישראלית חברה פרטית,מחוקה
510010085,עוסק פטור,f,cancelled,ישראלית חברה פרטית,מחוקה
510010093,עוסק פטור,f,cancelled,ישראלית חברה פרטית,מחוקה
510010101,עוסק פטור,f,cancelled,ישראלית חברה פרטית,מחוסלת מרצון
510010119,עוסק פטור,f,cancelled,ישראלית חברה פרטית,מחוקה
510010135,עוסק פטור,f,cancelled,ישראלית חברה פרטית,מחוקה
510010143,עוסק פטור,f,cancelled,ישראלית חברה פרטית,מחוקה
510010150,עוסק פטור,f,active,ישראלית חברה פרטית,פעילה
510010168,עוסק פטור,f,cancelled,ישראלית חברה פרטית,מחוקה
510010176,עוסק פטור,f,cancelled,ישראלית חברה פרטית,מחוקה
510010184,עוסק פטור,f,cancelled,ישראלית חברה פרטית,מחוקה
510010192,עוסק פטור,f,cancelled,ישראלית חברה פרטית,מחוקה
510010200,עוסק פטור,f,cancelled,ישראלית חברה פרטית,בפרוק מרצון
510010218,עוסק פטור,f,cancelled,ישראלית חברה פרטית,מחוקה
510010226,עוסק פטור,f,cancelled,ישראלית חברה פרטית,מחוקה
510010234,עוסק פטור,f,cancelled,ישראלית חברה פרטית,מחוקה
510010242,עוסק פטור,f,cancelled,ישראלית חברה פרטית,מחוקה
510010259,עוסק פטור,f,cancelled,ישראלית חברה פרטית,מחוקה
510010267,עוסק פטור,f,cancelled,ישראלית חברה פרטית,מחוקה
510010275,עוסק פטור,f,cancelled,ישראלית חברה פרטית,מחוקה
510010283,עוסק פטור,f,active,ישראלית חברה פרטית,פעילה
510010291,עוסק פטור,f,cancelled,ישראלית חברה פרטית,בפרוק מרצון
510010309,"חברה בע""מ",t,cancelled,ישראלית חברה פרטית,מחוקה
510010317,עוסק פטור,f,cancelled,ישראלית חברה פרטית,מחוקה
510010325,עוסק פטור,f,cancelled,ישראלית חברה פרטית,מחוקה
510010333,"חברה בע""מ",t,cancelled,ישראלית חברה פרטית,מחוקה
